LotArea,OverallQual,OverallCond,YearBuilt,TotalBsmtSF,GrLivArea,BedroomAbvGr,FullBath,SalePrice,OutlierFlag
9241.0,8,3,1976,487.0,3050.0,4,3,465203.0,False
7654.0,10,10,2004,555.0,2249.0,4,1,445887.0,False
9619.0,7,4,2003,522.0,1631.0,1,1,314550.0,False
11807.0,6,6,1970,705.0,1313.0,2,3,254539.0,False
7414.0,6,7,1993,1106.0,1379.0,4,2,209044.0,False
7414.0,5,10,1954,672.0,746.0,3,3,153462.0,False
8114.5,6,4,1990,451.0,1898.0,4,1,329896.0,False
9918.0,9,6,2008,894.5,891.0,5,1,212938.0,False
6826.0,10,1,2003,894.5,1276.0,3,2,296042.0,False
9356.0,9,8,1971,1572.0,1902.0,3,3,378573.0,False
6841.0,10,7,2014,1124.0,1357.0,4,2,282617.0,False
6835.0,8,9,2013,575.0,1204.0,1,2,230894.0,False
8604.0,10,3,2020,1199.0,781.0,3,1,213843.0,False
3216.0,9,2,1953,1279.0,2223.0,5,3,408449.0,False
3687.0,10,1,2014,798.0,1000.0,1,1,258860.0,False
6594.0,8,3,1964,916.0,1148.0,1,3,275320.0,False
5467.0,8,5,1971,1392.0,424.0,1,1,173300.0,False
8785.0,1,2,1996,243.0,1488.0,3,1,231170.0,False
8114.5,10,3,1995,1299.0,1300.0,1,3,281250.0,False
4469.0,5,4,1963,776.0,1609.0,4,3,274715.0,False
11664.0,4,7,1999,454.0,795.0,1,1,139495.0,False
7435.0,2,3,1969,487.0,1940.0,5,3,274804.0,False
8168.0,8,9,1999,554.0,396.0,2,1,169918.0,False
4438.0,3,8,1982,415.0,1444.0,5,3,198417.0,False
6639.0,4,4,2008,1608.0,1569.0,3,1,245136.0,False
8277.0,7,1,1992,1096.0,1534.0,1,1,290541.0,False
5122.0,10,1,1961,1325.0,1594.0,1,1,329293.0,False
8939.0,9,1,1989,1124.0,1973.0,4,2,386303.0,False
6498.0,2,1,1969,924.0,2294.0,1,3,284658.0,False
7270.0,3,8,1987,929.0,1406.0,5,1,255540.0,False
6495.0,4,3,1952,740.0,919.0,3,2,189353.0,False
12630.0,10,6,1977,773.0,1836.0,2,1,377294.0,False
8114.5,1,3,2005,336.0,1331.0,1,2,231626.0,False
5355.0,7,5,1962,1332.0,2258.0,2,1,369774.0,False
10056.0,2,7,2015,174.0,1138.0,1,1,178787.0,False
4947.0,5,2,1986,476.0,985.0,3,2,197653.0,False
8522.0,1,6,1998,1704.0,1586.0,5,2,221269.0,False
3100.0,3,6,2015,954.0,455.0,3,3,129522.0,False
4679.0,2,3,1985,971.0,1219.0,2,3,187258.0,False
8492.0,1,6,2003,1154.0,1302.0,1,2,192075.0,False
9846.0,7,10,1975,283.0,1632.0,2,3,289832.0,False
8428.0,5,10,2021,342.0,902.0,5,2,179116.0,False
7710.0,1,5,1989,894.5,972.0,3,3,164405.0,False
7247.0,6,2,1992,538.0,2194.0,2,1,365217.0,False
4303.0,5,9,1971,870.0,1491.0,2,3,258886.0,False
6200.0,3,8,1969,1094.0,2018.0,5,1,272095.0,False
6848.0,7,3,1957,1455.0,1174.0,1,1,265211.0,False
8114.5,10,8,1978,1224.0,1467.0,2,3,310410.0,False
8859.0,9,9,1989,502.0,1628.0,5,2,308836.0,False
3592.0,9,3,1979,750.0,2548.0,1,1,443058.0,False
8810.0,9,3,2004,641.0,1369.0,1,1,251230.0,False
7037.0,2,2,1965,493.0,1400.0,3,3,210221.0,False
6307.0,3,8,1995,402.0,2158.0,5,2,311498.0,False
9529.0,7,10,2011,1565.0,1272.0,1,2,250583.0,False
10577.0,5,1,1956,904.0,1670.0,3,3,270157.0,False
10328.0,2,8,1994,810.0,2106.0,4,2,280333.0,False
5901.0,3,7,2008,1093.0,1154.0,5,3,167697.0,False
7226.0,10,7,2005,1113.0,1704.0,4,3,358171.0,False
8828.0,6,3,1997,1347.0,2547.0,1,3,390652.0,False
10438.0,7,1,1976,602.0,2052.0,5,1,353489.0,False
6802.0,9,4,2002,1061.0,1670.0,3,1,332285.0,False
7535.0,1,9,1984,535.0,1365.0,1,1,171749.0,False
5234.0,7,5,2000,823.0,1137.0,5,3,247009.0,False
5009.0,8,1,1986,894.5,907.0,5,1,244461.0,False
10031.0,3,5,2006,961.0,2405.0,4,1,323104.0,False
11390.0,4,8,1957,944.0,2289.0,1,1,342589.0,False
7819.0,10,8,1969,1220.0,1105.0,3,3,292988.0,False
10508.0,6,5,2002,661.0,1702.0,3,3,268562.0,False
8904.0,10,9,1961,972.0,1566.0,1,3,357450.0,False
6387.0,7,1,1998,596.0,2210.0,1,1,411329.0,False
8903.0,4,4,1966,1977.625,1729.0,2,2,265718.0,True
11845.0,8,3,2013,534.0,1486.0,4,1,294896.0,False
7910.0,5,2,1991,619.0,1174.0,1,1,211619.0,False
11911.0,1,8,1978,1253.0,1704.0,1,3,231892.0,False
1563.75,4,7,1968,728.0,1291.0,2,3,225135.0,True
10054.0,3,9,1960,1253.0,1632.0,2,1,209026.0,False
8217.0,9,2,1999,961.0,1454.0,5,1,292157.0,False
7252.0,8,4,2020,738.0,1276.0,3,2,283266.0,False
8229.0,1,6,2007,598.0,916.0,4,2,122019.0,False
3031.0,6,3,1983,584.0,1808.0,5,3,283637.0,False
7450.0,9,8,1969,743.0,1525.0,1,2,348005.0,False
8892.0,7,3,1999,830.0,2572.0,2,2,397645.0,False
11694.0,4,2,1959,567.0,880.0,3,3,166315.0,False
6704.0,1,3,1981,856.0,1875.0,5,2,236569.0,False
5978.0,2,6,2001,462.0,1450.0,3,1,182426.0,False
6745.0,5,2,1964,1202.0,2759.0,2,2,409779.0,False
10288.0,5,8,1952,1278.0,1829.0,5,3,302322.0,False
8821.0,8,1,1986,618.0,1694.0,5,1,313926.0,False
6675.0,6,7,1989,595.0,1451.0,3,2,257396.0,False
9283.0,8,2,2021,971.0,1078.0,2,1,261369.0,False
8242.0,2,10,1989,1406.0,1686.0,1,1,192817.0,False
10421.0,3,6,2005,1494.0,670.0,5,2,108499.0,False
6244.0,6,2,1972,338.0,698.0,1,2,178028.0,False
7180.0,10,2,1960,1302.0,2107.0,2,3,392305.0,False
7019.0,3,10,2013,875.0,442.0,5,3,87219.0,False
4341.0,6,8,1957,883.0,1308.0,5,1,264993.0,False
8740.0,6,2,2005,1101.0,870.0,1,3,181733.0,False
8114.5,2,7,2009,894.5,1258.0,4,1,220543.0,False
8012.0,7,3,1959,1338.0,1610.0,1,1,263109.0,False
7413.0,2,8,1988,1469.0,2090.0,1,3,236560.0,False
4461.0,6,7,1977,1484.0,2230.0,4,3,375178.0,False
6948.0,1,8,1998,162.0,948.0,2,3,109080.0,False
7143.0,3,7,1985,808.0,1220.0,2,2,172058.0,False
5994.0,2,6,1962,125.0,3167.125,5,1,514709.375,True
7596.0,7,7,1985,593.0,1349.0,3,1,256934.0,False
9010.0,4,5,1975,58.0,970.0,3,1,194607.0,False
12715.0,8,7,1953,1080.0,1070.0,5,3,236191.0,False
8436.0,6,1,2013,987.0,1353.0,3,3,259610.0,False
8643.0,10,1,1987,726.0,1264.0,1,3,291451.0,False
7813.0,4,9,1971,583.0,1359.0,1,3,204683.0,False
3203.0,5,5,1951,1025.0,1487.0,4,3,288052.0,False
7933.0,9,5,1980,495.0,1482.0,4,2,335169.0,False
8150.0,7,3,1960,894.5,926.0,5,3,201587.0,False
14158.0,10,5,1995,419.0,1721.0,5,1,352952.0,False
7519.0,9,3,2011,818.0,1572.0,5,3,353164.0,False
8753.0,7,9,2018,667.0,1797.0,1,1,300875.0,False
7913.0,1,9,2013,746.0,471.0,3,3,52837.0,False
5078.0,8,6,1959,1108.0,1594.0,5,3,320681.0,False
10857.0,4,1,1989,1285.0,308.0,5,1,142369.0,False
9879.0,3,7,1973,1480.0,1394.0,1,1,213356.0,False
9977.0,7,7,1993,924.0,1894.0,1,1,353276.0,False
5726.0,3,10,2009,1039.0,2127.0,1,1,279891.0,False
11506.0,8,10,2011,975.0,1700.0,3,2,331221.0,False
4495.0,6,4,1966,894.5,1905.0,5,1,311407.0,False
9467.0,5,8,2014,752.0,1320.0,2,3,270732.0,False
8114.5,4,6,2006,753.0,1194.0,2,3,235253.0,False
5523.0,8,4,2004,695.0,3115.0,5,2,514709.375,True
6584.0,8,4,2002,883.0,1996.0,5,1,345610.0,False
8249.0,1,2,2005,812.0,796.0,5,3,111229.0,False
6741.0,9,2,1958,505.0,459.0,5,2,197583.0,False
4123.0,5,4,1971,839.0,1220.0,3,3,208270.0,False
8171.0,4,5,1962,644.0,2215.0,2,2,328421.0,False
5344.0,6,8,1997,147.0,1529.0,4,2,291659.0,False
9183.0,6,6,1967,341.0,165.0,2,1,98792.0,False
5701.0,2,4,1989,935.0,1393.0,2,2,183092.0,False
8114.5,8,7,1966,1336.0,1498.0,1,3,284366.0,False
6041.0,7,8,1964,894.5,50.0,5,3,84125.0,False
7194.0,1,2,1964,551.0,1514.0,5,1,213759.0,False
8114.5,5,7,2012,1072.0,891.0,5,1,167806.0,False
4922.0,6,2,1988,1251.0,398.0,1,2,121537.0,False
8568.0,4,2,1962,731.0,2462.0,3,1,366021.0,False
11267.0,2,8,1981,626.0,865.0,3,3,133587.0,False
3981.0,4,2,1958,1387.0,1099.0,4,3,181369.0,False
8461.0,1,9,1989,1218.0,1091.0,3,1,162132.0,False
8649.0,7,1,1969,1243.0,1501.0,3,1,273811.0,False
9954.0,2,9,2012,712.0,2559.0,5,1,293540.0,False
4907.0,2,1,1993,1345.0,782.0,2,2,150504.0,False
4698.0,9,10,1987,121.0,1315.0,3,2,276236.0,False
9304.0,5,10,2009,1352.0,1572.0,3,3,249260.0,False
8742.0,2,2,2020,873.0,978.0,1,2,133069.0,False
8626.0,9,6,1997,894.5,1306.0,4,2,292912.0,False
8866.0,9,6,1967,521.0,1856.0,1,2,352235.0,False
6299.0,1,1,1965,174.0,1046.0,5,2,160281.0,False
8580.0,3,7,2004,943.0,1296.0,2,3,233422.0,False
8732.0,4,8,1988,1120.0,1241.0,4,1,195336.0,False
6214.0,7,2,2017,1181.0,1437.0,1,3,258679.0,False
12664.0,10,8,2008,1137.0,1645.0,3,2,336961.0,False
9184.0,4,9,2011,1047.0,1851.0,3,1,290901.0,False
5021.0,2,6,1962,530.0,2662.0,4,1,347112.0,False
9641.0,7,5,1955,1206.0,95.0,3,1,106391.0,False
5563.0,6,9,2009,485.0,1399.0,1,3,231939.0,False
9967.0,3,9,1963,1342.0,681.0,1,1,82542.0,False
10896.0,6,1,2003,866.0,1268.0,3,3,222065.0,False
5948.0,6,3,1953,879.0,2028.0,3,3,358648.0,False
8114.5,5,9,1988,1246.0,2218.0,5,2,349879.0,False
9031.0,4,2,2021,1300.0,2246.0,2,2,325689.0,False
10055.0,10,4,1974,1208.0,2241.0,4,1,433515.0,False
12741.0,1,4,1981,571.0,1395.0,1,1,156642.0,False
7386.0,10,2,2008,1205.0,2339.0,4,2,431815.0,False
6115.0,6,3,2012,574.0,2458.0,5,3,349232.0,False
5776.0,2,3,1987,1215.0,1583.0,1,3,226880.0,False
5960.0,3,1,2002,329.0,2206.0,5,2,314910.0,False
7807.0,8,6,2016,862.0,1524.0,5,3,308546.0,False
8852.0,10,8,1977,894.5,2346.0,3,2,454872.0,False
8114.5,6,3,1952,1247.0,1403.0,4,2,273879.0,False
10067.0,3,5,1971,1346.0,1134.0,4,1,156901.0,False
8032.0,7,1,1987,979.0,828.0,3,1,228014.0,False
11633.0,4,10,2021,966.0,1395.0,4,2,223210.0,False
7338.0,9,7,2021,1181.0,1550.0,3,1,281597.0,False
14471.75,5,10,2011,1348.0,932.0,1,2,184664.0,True
9564.0,3,1,2006,914.0,1349.0,5,3,219822.0,False
5857.0,2,9,1955,700.0,1184.0,5,3,151802.0,False
5322.0,2,8,1981,1158.0,853.0,4,3,159017.0,False
9206.0,3,7,1959,156.0,2121.0,2,3,281053.0,False
7441.0,2,10,1952,1263.0,2227.0,5,2,287618.0,False
9785.0,4,7,2008,615.0,2118.0,3,3,300865.0,False
9183.0,2,5,1998,803.0,1449.0,2,3,169700.0,False
8114.5,10,5,2008,1266.0,1486.0,2,3,308457.0,False
5883.0,9,5,1980,733.0,862.0,5,3,224202.0,False
4212.0,2,1,2018,1158.0,1748.0,5,2,237157.0,False
6883.0,9,8,2011,894.5,1601.0,5,3,267090.0,False
10140.0,6,1,2001,944.0,3167.125,3,1,489051.0,True
8535.0,1,4,1990,894.5,2152.0,2,1,287373.0,False
4885.0,4,9,1980,852.0,1689.0,4,1,286309.0,False
8432.0,1,9,1971,946.0,1475.0,3,1,162166.0,False
8963.0,6,5,1953,453.0,2100.0,1,1,336143.0,False
5790.0,4,4,1962,782.0,950.0,5,1,192828.0,False
8384.0,3,3,1994,384.0,2183.0,2,2,327509.0,False
8145.0,3,3,1991,540.0,847.0,3,1,176218.0,False
5142.0,9,5,1998,98.0,1163.0,1,3,276614.0,False
8894.0,6,10,1969,1005.0,397.0,3,1,136520.0,False
9401.0,9,1,2003,1576.0,1868.0,3,2,328001.0,False
10707.0,5,5,1985,717.0,1649.0,4,1,294177.0,False
10634.0,2,6,1950,1286.0,1163.0,4,3,160353.0,False
4555.0,8,7,1964,1350.0,942.0,3,3,233718.0,False
5655.0,5,9,1966,420.0,2327.0,1,2,353583.0,False
9287.0,2,3,1973,506.0,1419.0,2,2,152386.0,False
9284.0,4,2,2007,894.5,1039.0,2,2,168450.0,False
9287.0,9,3,2021,863.0,2653.0,5,2,462437.0,False
14471.75,4,9,1972,383.0,1105.0,5,1,191628.0,True
9427.0,4,7,1995,645.0,2183.0,2,1,331196.0,False
10838.0,2,9,2021,1067.0,809.0,3,3,142756.0,False
10385.0,6,2,1957,582.0,1287.0,3,2,227975.0,False
9628.0,2,5,2008,209.0,1801.0,4,2,235816.0,False
7211.0,7,4,2008,771.0,1465.0,4,1,277976.0,False
9897.0,3,2,1962,803.0,1646.0,5,2,257989.0,False
6067.0,3,9,1988,903.0,1176.0,2,3,181438.0,False
7407.0,5,9,1977,1403.0,541.0,3,3,104298.0,False
6786.0,3,6,2010,921.0,2379.0,2,2,326516.0,False
8204.0,2,6,1965,997.0,1213.0,1,3,190225.0,False
8114.5,10,8,1951,1322.0,1673.0,2,3,377900.0,False
3331.0,9,6,1966,904.0,1921.0,1,1,371131.0,False
9715.0,2,1,1979,1754.0,1685.0,4,3,202480.0,False
3968.0,2,4,1962,394.0,1074.0,4,2,150752.0,False
6820.0,8,7,1962,526.0,2195.0,5,2,392901.0,False
10722.0,9,2,1992,1145.0,1808.0,2,3,369284.0,False
8160.0,7,9,1970,1401.0,1619.0,2,2,309421.0,False
5305.0,3,8,2004,819.0,1605.0,1,1,232567.0,False
6211.0,9,8,1989,495.0,2509.0,4,3,453250.0,False
9698.0,3,7,1964,1604.0,1061.0,1,3,159508.0,False
6174.0,5,4,2001,583.0,1749.0,4,3,288572.0,False
8541.0,9,2,2002,1035.0,1182.0,1,2,291835.0,False
8113.0,3,3,2001,1425.0,338.0,4,2,97092.0,False
6370.0,7,6,1979,723.0,322.0,1,3,155621.0,False
13359.0,1,5,1982,651.0,891.0,4,2,133398.0,False
9584.0,4,8,2006,678.0,1104.0,1,2,171506.0,False
2937.0,4,6,2001,1260.0,2803.0,2,3,396711.0,False
8466.0,7,6,1958,1324.0,1919.0,5,3,317095.0,False
6345.0,8,1,2003,913.0,1973.0,1,2,350970.0,False
10131.0,1,4,1950,1653.0,1117.0,5,3,125663.0,False
6018.0,5,5,1993,912.0,1536.0,2,3,266219.0,False
7713.0,7,3,1958,1416.0,2883.0,2,3,411656.0,False
9262.0,4,9,1981,727.0,771.0,4,3,164865.0,False
10164.0,4,1,1964,1833.0,1773.0,5,2,273066.0,False
4999.0,4,6,1961,1528.0,2466.0,3,3,393963.0,False
7163.0,6,6,2006,848.0,2079.0,4,1,335387.0,False
6812.0,7,10,1957,1473.0,2580.0,5,3,410502.0,False
6366.0,2,5,2021,1453.0,1627.0,1,1,238890.0,False
12413.0,5,5,1976,1521.0,1862.0,1,3,295510.0,False
9012.0,4,10,2011,92.0,1565.0,2,1,253296.0,False
4847.0,3,5,1961,1187.0,1820.0,3,1,283288.0,False
10294.0,7,6,2014,1116.0,950.0,1,3,213649.0,False
13305.0,6,8,1991,1088.0,1975.0,5,3,350905.0,False
10581.0,7,2,2011,987.0,1676.0,5,3,272537.0,False
8114.5,5,6,1960,999.0,1537.0,1,1,291509.0,False
8114.5,6,1,1992,1413.0,2547.0,5,2,359876.0,False
11167.0,5,4,1966,1115.0,1340.0,5,2,262843.0,False
6230.0,7,10,1981,986.0,2224.0,2,3,334550.0,False
9109.0,2,3,1989,894.5,2284.0,3,2,343691.0,False
9936.0,5,9,1972,1067.0,2013.0,2,2,319777.0,False
5682.0,6,3,2005,1105.0,920.0,3,3,181502.0,False
7851.0,6,6,1955,1646.0,1715.0,5,1,333102.0,False
1563.75,5,1,1999,726.0,2675.0,3,3,374222.0,True
5439.0,10,6,1986,293.0,408.0,5,2,194412.0,False
7368.0,7,4,2013,928.0,1387.0,5,1,323534.0,False
4880.0,10,8,2003,985.0,2197.0,2,2,421550.0,False
12081.0,8,9,2021,1188.0,1430.0,2,1,251079.0,False
4424.0,7,4,1998,942.0,1985.0,4,2,337734.0,False
6899.0,5,10,1960,1202.0,2345.0,1,3,349164.0,False
8326.0,1,10,1998,1901.0,1639.0,4,2,215450.0,False
11603.0,5,6,1970,1220.0,1805.0,4,2,290711.0,False
4410.0,10,1,2015,1290.0,1555.0,3,1,347517.0,False
10907.0,2,4,2012,848.0,1678.0,5,2,200798.0,False
8025.0,5,7,1977,345.0,2761.0,5,3,395361.0,False
5546.0,5,1,1966,19.0,1461.0,5,3,256556.0,False
9155.0,2,8,1955,692.0,1288.0,1,3,169317.0,False
8497.0,5,10,1968,132.0,2125.0,3,1,351918.0,False
6499.0,4,6,2005,1105.0,994.0,3,1,164437.0,False
8174.0,1,5,1977,746.0,1131.0,5,2,153586.0,False
7036.0,3,10,2015,374.0,1134.0,4,2,178980.0,False
8283.0,1,9,1987,952.0,1346.0,1,2,156226.0,False
9655.0,5,2,1986,604.0,1372.0,4,1,240849.0,False
11965.0,4,5,2017,1080.0,1919.0,2,1,264041.0,False
4905.0,7,6,1998,894.5,1294.0,3,2,251407.0,False
13332.0,5,7,1992,619.0,1943.0,3,1,308765.0,False
3119.0,10,5,1985,805.0,2018.0,4,1,363613.0,False
7620.0,4,9,2007,985.0,1107.0,1,3,205310.0,False
9470.0,2,1,1962,337.0,2005.0,3,3,275807.0,False
8702.0,4,7,2001,985.0,2060.0,4,2,317840.0,False
6443.0,2,10,2007,327.0,443.0,1,2,83209.0,False
7479.0,8,7,1981,1126.0,1676.0,4,3,298106.0,False
6767.0,3,4,2009,725.0,1196.0,1,1,188518.0,False
6526.0,9,9,2007,325.0,2281.0,5,2,421181.0,False
10124.0,4,5,2005,668.0,1190.0,1,2,178993.0,False
8892.0,6,4,1977,684.0,696.0,2,2,151303.0,False
6267.0,10,7,1950,1327.0,1482.0,5,1,322918.0,False
10248.0,5,4,1991,969.0,961.0,4,3,182893.0,False
8768.0,10,3,1997,517.0,2009.0,5,2,390756.0,False
10032.0,1,9,1989,894.5,1014.0,5,3,130846.0,False
9574.0,9,8,2012,894.5,1489.0,4,3,316879.0,False
5927.0,1,1,2021,765.0,2427.0,4,1,330676.0,False
6599.0,8,7,1953,278.0,2159.0,2,1,389847.0,False
9868.0,9,9,1987,730.0,1786.0,4,1,350443.0,False
9525.0,9,8,1976,811.0,1423.0,3,1,283625.0,False
7947.0,1,8,1958,1047.0,1729.0,3,1,208040.0,False
8293.0,2,6,1965,1142.0,1913.0,2,1,276394.0,False
11194.0,1,4,2005,1222.0,908.0,1,2,114590.0,False
6521.0,10,8,1980,255.0,2010.0,1,3,371844.0,False
9367.0,2,3,1963,983.0,838.0,3,1,172520.0,False
7494.0,10,9,1974,836.0,1843.0,4,2,401649.0,False
7455.0,8,2,1983,1971.0,835.0,2,3,217710.0,False
10746.0,5,2,2016,925.0,2677.0,1,1,374586.0,False
10063.0,7,7,1973,894.5,1958.0,1,1,354427.0,False
10033.0,2,10,1975,944.0,566.0,5,2,88118.0,False
11263.0,8,4,1969,894.5,1499.0,3,3,317650.0,False
8052.0,6,10,2013,104.0,1187.0,4,1,222658.0,False
9704.0,8,8,1959,1063.0,1116.0,2,3,286827.0,False
7224.0,1,9,2016,775.0,1588.0,1,2,195185.0,False
8810.0,1,7,1973,889.0,943.0,5,1,175454.0,False
7674.0,7,5,1954,550.0,1956.0,3,3,343621.0,False
8242.0,8,8,2016,462.0,1922.0,3,2,378326.0,False
8114.5,3,4,2007,1251.0,1710.0,2,2,239397.0,False
5954.0,5,2,1976,1343.0,1488.0,1,1,227332.0,False
13230.0,1,6,1964,1067.0,1895.0,2,3,196275.0,False
5484.0,7,9,1984,175.0,1974.0,2,1,367412.0,False
4964.0,5,1,2002,1093.0,1772.0,5,1,289000.0,False
8114.5,8,10,1993,181.0,712.0,3,3,180488.0,False
8114.5,8,7,1975,635.0,1026.0,4,3,269484.0,False
9560.0,9,10,1996,1246.0,1339.0,3,3,318799.0,False
9570.0,7,9,1983,1163.0,614.0,3,2,206327.0,False
7969.0,1,10,1999,1082.0,1634.0,5,2,184284.0,False
5756.0,3,9,1961,1425.0,2346.0,4,3,351448.0,False
8189.0,8,10,1953,1124.0,2251.0,1,2,397800.0,False
6307.0,3,3,1997,92.0,1943.0,4,1,306712.0,False
10437.0,8,5,2004,752.0,1936.0,1,3,363174.0,False
7632.0,1,8,1950,883.0,2829.0,4,1,357940.0,False
5936.0,5,8,2015,836.0,2006.0,2,3,340919.0,False
7196.0,4,4,1979,653.0,2055.0,4,1,323637.0,False
9032.0,5,1,1952,487.0,636.0,5,3,172955.0,False
6590.0,8,1,1970,1860.0,2299.0,1,1,386119.0,False
5944.0,10,4,1998,744.0,1739.0,3,3,355231.0,False
8609.0,4,6,2011,1840.0,1452.0,5,3,199563.0,False
8612.0,4,8,1987,443.0,1303.0,1,2,205157.0,False
6732.0,3,6,1964,1162.0,1170.0,1,1,201207.0,False
6822.0,7,9,2001,991.0,2254.0,3,2,386763.0,False
8580.0,3,9,1995,531.0,1482.0,2,1,203249.0,False
4379.0,3,2,1974,712.0,1192.0,5,2,213686.0,False
4481.0,10,10,1970,893.0,1037.0,3,3,333901.0,False
6203.0,5,1,1954,562.0,1602.0,3,2,249185.0,False
7466.0,5,2,2019,797.0,1284.0,2,2,224962.0,False
8777.0,6,5,1996,45.0,1147.0,5,3,215208.0,False
11688.0,8,4,2017,1184.0,670.0,3,2,198502.0,False
10144.0,10,4,1967,1390.0,2075.0,2,3,404478.0,False
7600.0,6,9,1970,1081.0,1417.0,5,1,246093.0,False
7952.0,1,8,1972,1805.0,848.0,4,2,111221.0,False
5493.0,8,6,2013,1172.0,1337.0,1,3,282184.0,False
7953.0,8,1,2016,1357.0,1829.0,2,3,348912.0,False
7278.0,9,2,1989,1395.0,1517.0,1,2,346369.0,False
8806.0,9,6,1959,200.0,1614.0,4,1,328390.0,False
5931.0,2,2,2001,1069.0,1525.0,3,2,201763.0,False
9298.0,2,10,2021,346.0,733.0,3,3,131886.0,False
11831.0,3,5,2010,427.0,2069.0,5,1,301283.0,False
7728.0,1,5,2013,497.0,475.0,2,2,68143.0,False
9004.0,4,6,1954,774.0,1776.0,2,3,282820.0,False
9725.0,4,6,2002,1160.0,1869.0,5,2,276617.0,False
6996.0,9,6,2004,1073.0,1368.0,1,1,288552.0,False
8560.0,9,2,1986,894.0,1712.0,3,1,302453.0,False
8031.0,9,10,2005,1189.0,1333.0,3,1,288401.0,False
8244.0,10,3,2008,1213.0,1719.0,2,1,321029.0,False
6067.0,7,6,2018,1077.0,2095.0,2,1,343611.0,False
8061.0,2,8,2008,210.0,1024.0,5,2,164469.0,False
9244.0,10,1,1951,604.0,1904.0,4,1,348376.0,False
11627.0,5,1,2014,910.0,2515.0,1,1,373003.0,False
10398.0,4,2,2009,1193.0,1658.0,4,3,260269.0,False
13382.0,8,6,2000,368.0,1198.0,4,1,258988.0,False
6081.0,2,9,1979,895.0,2857.0,2,3,363213.0,False
10180.0,6,4,1960,273.0,1553.0,2,3,282867.0,False
8458.0,5,3,1988,1310.0,1638.0,2,3,280841.0,False
13474.0,2,8,2021,996.0,1651.0,4,2,228150.0,False
5979.0,10,10,2012,361.0,1768.0,1,2,353644.0,False
5900.0,1,9,2013,358.0,1296.0,2,3,187814.0,False
6501.0,8,5,2010,1054.0,1613.0,3,2,287345.0,False
2690.0,2,9,2003,1449.0,2071.0,1,1,292267.0,False
6685.0,7,2,2007,894.5,1275.0,3,2,266393.0,False
6102.0,9,3,2005,1214.0,1248.0,1,1,288740.0,False
8375.0,9,7,1983,683.0,1324.0,2,1,293682.0,False
8854.0,8,7,1980,894.5,841.0,5,2,183120.0,False
8114.5,10,6,2001,1173.0,1090.0,2,2,308547.0,False
10376.0,9,6,1950,962.0,1065.0,4,3,279573.0,False
6557.0,2,2,2004,166.0,1499.0,4,2,190652.0,False
5753.0,6,10,1971,1172.0,2001.0,1,2,345296.0,False
9229.0,4,6,1989,1100.0,2372.0,4,2,348416.0,False
4699.0,4,4,1950,1064.0,1534.0,2,1,232419.0,False
12578.0,5,3,2014,978.0,1773.0,3,1,311595.0,False
10948.0,3,2,2012,548.0,1646.0,2,1,233903.0,False
6827.0,1,1,2003,1333.0,243.0,1,3,71282.0,False
3717.0,8,5,1991,1259.0,811.0,4,3,228005.0,False
11384.0,5,2,1970,469.0,1956.0,3,3,328851.0,False
7713.0,3,2,1971,1425.0,2015.0,5,1,298381.0,False
11094.0,10,7,1987,952.0,2001.0,3,2,400774.0,False
4013.0,7,8,1957,951.0,1393.0,3,3,276464.0,False
6501.0,7,10,2011,829.0,303.0,2,3,126823.0,False
8013.0,1,8,1996,868.0,882.0,5,1,122090.0,False
8117.0,9,4,1966,1448.0,974.0,1,3,270207.0,False
6874.0,2,1,1966,1313.0,1877.0,1,2,269625.0,False
9557.0,5,7,1962,1304.0,1285.0,3,1,239225.0,False
8114.5,5,1,1966,973.0,2514.0,3,1,334764.0,False
7644.0,8,4,1987,1255.0,2380.0,4,2,401335.0,False
8300.0,8,8,1994,566.0,2504.0,5,2,414114.0,False
9286.0,7,2,1955,1133.0,950.0,3,2,196934.0,False
9779.0,7,6,1984,838.0,1794.0,4,3,338355.0,False
5188.0,6,6,1963,76.0,1213.0,5,2,195053.0,False
4164.0,6,9,2021,265.0,1696.0,1,1,310252.0,False
8114.5,9,5,2010,634.0,1016.0,4,2,283504.0,False
8830.0,6,10,1964,1066.0,2235.0,5,1,354003.0,False
6128.0,2,4,2003,635.0,1027.0,4,1,151753.0,False
11877.0,2,5,1976,663.0,331.0,3,3,89071.0,False
8289.0,5,10,1962,1205.0,2720.0,2,2,386126.0,False
10948.0,4,5,1980,677.0,1765.0,1,3,285015.0,False
8168.0,2,8,1984,1432.0,858.0,3,2,114603.0,False
13151.0,3,10,2009,894.5,1402.0,3,2,188891.0,False
12388.0,7,8,1955,908.0,1153.0,5,2,249279.0,False
7377.0,8,2,2018,1201.0,1503.0,4,2,299826.0,False
10428.0,6,7,2007,1146.0,1981.0,1,2,293299.0,False
9613.0,5,8,1998,801.0,1887.0,3,1,329746.0,False
11421.0,1,6,1972,1244.0,1652.0,5,1,204945.0,False
8114.5,8,5,1983,1303.0,1503.0,1,2,310573.0,False
9715.0,3,9,1975,519.0,2147.0,4,1,334743.0,False
10646.0,6,3,1996,961.0,344.0,3,3,136232.0,False
3603.0,3,10,1954,957.0,1050.0,3,3,196465.0,False
5041.0,7,4,1969,1239.0,912.0,3,3,197178.0,False
2901.0,7,9,1955,722.0,2103.0,1,2,385779.0,False
7326.0,9,6,2019,894.5,1056.0,1,2,245202.0,False
9793.0,5,8,2008,967.0,728.0,1,1,150937.0,False
11755.0,8,7,2013,1372.0,1829.0,1,1,310386.0,False
8185.0,10,2,1967,420.0,954.0,5,1,269848.0,False
12071.0,10,3,1953,490.0,1289.0,2,3,317298.0,False
4549.0,8,1,1966,691.0,2928.0,5,3,486696.0,False
3741.0,1,9,1963,762.0,1972.0,3,3,223008.0,False
7861.0,5,7,1962,193.0,1373.0,5,3,247259.0,False
8960.0,3,1,1956,1499.0,1427.0,4,1,224479.0,False
7918.0,1,3,1993,847.0,2044.0,1,2,272575.0,False
2831.0,4,4,1964,787.0,1897.0,4,2,272185.0,False
7777.0,8,4,1968,1549.0,1545.0,4,3,255293.0,False
4738.0,3,5,2012,1187.0,1562.0,3,2,246569.0,False
9674.0,10,3,1984,685.0,612.0,1,2,220523.0,False
8916.0,2,3,1984,965.0,485.0,4,2,93804.0,False
5650.0,9,1,1968,883.0,1393.0,3,3,300267.0,False
6715.0,10,7,1969,1479.0,1120.0,1,1,289090.0,False
5351.0,5,10,1984,833.0,1851.0,2,1,311862.0,False
7843.0,7,1,1981,894.5,1618.0,3,2,262019.0,False
10387.0,2,2,1997,149.0,1036.0,5,1,177140.0,False
5535.0,9,4,1993,1490.0,1597.0,1,1,322997.0,False
9260.0,9,4,1973,584.0,1249.0,4,3,317421.0,False
6674.0,4,5,2010,1168.0,2739.0,4,3,379490.0,False
6017.0,4,2,1966,928.0,1731.0,5,2,254088.0,False
8114.5,6,4,2020,733.0,563.0,5,2,154593.0,False
5411.0,10,1,1999,796.0,2592.0,4,2,471039.0,False
6615.0,10,2,2014,1533.0,1120.0,1,3,278912.0,False
5005.0,10,1,1981,320.0,915.0,3,1,271250.0,False
12911.0,6,10,1985,745.0,2786.0,5,3,416577.0,False
8088.0,1,10,1962,894.5,1707.0,5,3,220537.0,False
6250.0,9,4,2019,386.0,1920.0,5,1,410131.0,False
8534.0,2,4,2007,1426.0,1939.0,2,1,269825.0,False
7719.0,5,7,1963,1256.0,1376.0,1,2,248869.0,False
7447.0,9,10,1986,1008.0,1156.0,1,1,244268.0,False
9535.0,4,9,2017,698.0,1254.0,1,1,237565.0,False
9893.0,3,9,1989,335.0,2465.0,1,1,362129.0,False
6673.0,7,5,2008,1182.0,1622.0,1,1,285351.0,False
6560.0,6,10,1965,1977.625,2287.0,4,2,385374.0,True
7312.0,8,1,2011,958.0,1454.0,5,2,301076.0,False
2245.0,3,1,1953,169.0,1046.0,4,1,171448.0,False
4212.0,5,6,1994,1083.0,634.0,2,1,176899.0,False
11417.0,10,2,1977,1244.0,1888.0,3,2,366314.0,False
12112.0,4,8,2015,532.0,2516.0,5,2,347472.0,False
7377.0,4,9,1980,641.0,968.0,2,1,180311.0,False
9441.0,4,4,1952,601.0,1808.0,4,3,287524.0,False
8778.0,10,5,1957,687.0,674.0,3,2,250206.0,False
14471.75,8,8,1973,831.0,1166.0,2,2,256900.0,True
10798.0,6,3,1964,555.0,1660.0,3,2,272204.0,False
7680.0,3,5,1992,405.0,463.0,2,1,151131.0,False
5611.0,10,3,1980,969.0,1489.0,4,1,306948.0,False
3983.0,5,10,1994,826.0,997.0,3,2,195742.0,False
8508.0,6,3,2015,725.0,1862.0,2,1,329034.0,False
6109.0,5,3,1957,933.0,1400.0,4,1,266022.0,False
4444.0,6,7,2020,291.0,2063.0,5,2,326216.0,False
6383.0,8,7,2006,1005.0,1332.0,4,1,242341.0,False
5296.0,7,7,1979,733.0,682.0,4,3,175034.0,False
8114.5,5,10,1967,995.0,607.0,5,1,165066.0,False
10204.0,10,8,2018,1059.0,354.0,4,1,205229.0,False
7980.0,6,5,1988,1352.0,1879.0,5,2,328882.0,False
11699.0,4,5,2009,941.0,3034.0,5,2,438313.0,False
8193.0,9,4,1992,1326.0,1761.0,5,3,373121.0,False
5846.0,4,7,1994,771.0,2503.0,2,1,344842.0,False
11807.0,1,10,1972,790.0,2180.0,3,3,252642.0,False
9347.0,7,4,2018,863.0,1188.0,2,3,254969.0,False
5406.0,7,2,1955,1209.0,2259.0,5,2,355109.0,False
7524.0,4,4,2005,1152.0,1212.0,3,1,180221.0,False
5810.0,3,8,1953,954.0,1224.0,3,2,216359.0,False
4543.0,8,9,1972,408.0,1374.0,5,3,289887.0,False
10315.0,5,3,1955,1145.0,1403.0,3,3,243929.0,False
12773.0,10,7,1981,555.0,1896.0,3,2,378505.0,False
4503.0,7,9,1967,533.0,1097.0,2,2,234517.0,False
9407.0,4,4,1964,444.0,2033.0,3,2,328304.0,False
6373.0,4,10,1989,866.0,2024.0,5,2,272587.0,False
6782.0,8,3,1955,1384.0,1705.0,1,2,293479.0,False
6519.0,8,5,2012,513.0,2663.0,1,3,420832.0,False
8114.5,2,1,2016,1571.0,2272.0,1,2,308423.0,False
8121.0,2,3,1960,1263.0,2141.0,5,1,323026.0,False
5922.0,3,8,1992,314.0,1539.0,1,3,247061.0,False
8676.0,3,8,1966,746.0,1711.0,2,3,262168.0,False
7874.0,1,4,1953,483.0,1814.0,5,1,231082.0,False
7402.0,3,2,2012,1165.0,1507.0,5,1,199189.0,False
5731.0,6,8,2017,504.0,1274.0,5,3,253179.0,False
6558.0,8,8,1990,251.0,56.0,3,2,167239.0,False
8114.5,10,10,1954,769.0,1930.0,3,3,376798.0,False
9252.0,6,4,1981,1367.0,2124.0,3,3,333666.0,False
5556.0,5,3,2019,822.0,803.0,4,1,166655.0,False
8248.0,4,2,1984,1059.0,1863.0,2,3,295555.0,False
9878.0,3,9,1971,1074.0,1145.0,5,2,184634.0,False
3826.0,4,1,2014,295.0,1280.0,5,1,231800.0,False
9358.0,7,7,1971,540.0,2286.0,3,3,378650.0,False
6343.0,1,5,1960,902.0,905.0,5,3,118779.0,False
9426.0,7,8,1952,677.0,904.0,5,2,218060.0,False
6091.0,1,4,1958,1581.0,2582.0,1,3,314046.0,False
8114.5,2,7,2009,408.0,1412.0,5,3,234255.0,False
3931.0,4,5,1963,536.0,2247.0,4,3,346102.0,False
8120.0,1,5,1967,1016.0,540.0,3,3,57806.0,False
8649.0,9,9,1972,648.0,588.0,2,2,190644.0,False
5739.0,6,9,1996,256.0,952.0,2,3,215546.0,False
9596.0,1,9,2018,1673.0,1211.0,1,3,163986.0,False
3846.0,1,6,1996,470.0,658.0,2,3,100010.0,False
7834.0,6,6,1979,1124.0,1721.0,2,1,292677.0,False
4972.0,4,5,1974,398.0,1760.0,3,2,280303.0,False
6370.0,4,9,1977,894.5,961.0,3,1,171947.0,False
8118.0,6,10,1974,250.0,1008.0,4,1,222227.0,False
5848.0,7,8,2007,603.0,1087.0,1,2,250900.0,False
7038.0,9,7,1990,642.0,801.0,2,1,263254.0,False
10515.0,10,7,1974,846.0,237.0,4,1,168146.0,False
6557.0,5,6,1997,750.0,1448.0,1,1,248537.0,False
10089.0,9,5,1959,323.0,1241.0,2,2,259540.0,False
5175.0,4,4,1960,690.0,1303.0,2,3,252885.0,False
9324.0,10,3,1970,1478.0,892.0,3,2,217530.0,False
8114.5,2,3,1994,1431.0,1986.0,5,2,301977.0,False
1820.0,3,6,1956,1082.0,2955.0,1,2,401469.0,False
6007.0,1,4,2013,1165.0,999.0,2,1,143248.0,False
9442.0,6,6,2013,1724.0,2339.0,1,3,367366.0,False
7492.0,6,3,1951,1128.0,1719.0,4,2,296902.0,False
8927.0,1,4,1991,1157.0,1521.0,4,2,209281.0,False
6490.0,3,9,2003,894.5,1293.0,5,3,167427.0,False
8216.0,5,5,1965,454.0,1450.0,2,3,235957.0,False
7610.0,3,7,1967,886.0,2189.0,3,3,290778.0,False
10919.0,10,10,2008,577.0,817.0,2,1,256988.0,False
8636.0,3,2,1965,500.0,1334.0,1,3,205167.0,False
8844.0,10,5,1955,547.0,2249.0,4,1,432241.0,False
6970.0,3,9,2006,330.0,2090.0,1,2,299095.0,False
6780.0,5,3,1996,583.0,826.0,5,1,195291.0,False
6918.0,5,9,1997,1035.0,1390.0,4,3,226994.0,False
8986.0,4,6,1991,1618.0,1936.0,3,1,293483.0,False
6947.0,1,4,2009,1218.0,1898.0,4,3,264947.0,False
8724.0,5,7,1953,1154.0,2085.0,2,1,343386.0,False
13188.0,10,8,1951,250.0,1730.0,2,2,328007.0,False
10177.0,5,6,2008,947.0,1831.0,4,1,274297.0,False
7184.0,4,5,1976,894.5,1705.0,5,2,262964.0,False
11003.0,6,6,1976,1016.0,2447.0,2,3,378943.0,False
6979.0,10,5,2021,755.0,1246.0,2,2,298211.0,False
2904.0,4,8,1956,1564.0,1528.0,3,3,259283.0,False
5479.0,7,1,2012,921.0,891.0,4,3,217707.0,False
3323.0,7,7,1995,960.0,772.0,2,2,204593.0,False
7121.0,2,10,2012,115.0,1694.0,5,2,246692.0,False
8046.0,3,10,1961,857.0,1065.0,1,1,194283.0,False
12191.0,1,2,1962,1359.0,1465.0,4,1,129679.0,False
8817.0,8,9,1992,1122.0,2470.0,3,2,408667.0,False
7452.0,9,1,1966,37.0,2435.0,2,2,409540.0,False
10073.0,4,10,2012,720.0,2834.0,5,2,409586.0,False
2472.0,6,6,1985,894.5,2482.0,4,2,378597.0,False
8589.0,9,9,1957,839.0,2941.0,5,3,489437.0,False
9927.0,6,1,2018,1028.0,1761.0,5,2,318362.0,False
4303.0,9,4,1985,1547.0,958.0,3,2,237900.0,False
10859.0,4,4,1977,838.0,899.0,4,2,175136.0,False
8846.0,8,9,1996,1216.0,2337.0,2,2,431516.0,False
6961.0,9,5,1979,1064.0,1530.0,3,3,335232.0,False
9581.0,4,5,1972,1150.0,1575.0,2,1,217284.0,False
13676.0,5,6,1965,1051.0,1170.0,1,1,209565.0,False
8454.0,8,1,1963,680.0,1242.0,5,1,276156.0,False
8620.0,10,1,2020,720.0,1730.0,1,1,368655.0,False
6851.0,6,9,2001,558.0,866.0,5,1,188873.0,False
5875.0,7,3,1986,244.0,1654.0,3,3,290684.0,False
10075.0,3,4,1978,1397.0,2406.0,2,1,335075.0,False
5859.0,7,1,2016,904.0,219.0,2,3,109542.0,False
8178.0,8,9,1964,1377.0,575.0,3,3,210994.0,False
6805.0,10,8,1996,1526.0,1905.0,4,1,415973.0,False
8114.5,6,2,1995,921.0,2318.0,1,1,376053.0,False
8834.0,10,8,2001,374.0,1206.0,1,1,290071.0,False
10593.0,9,7,1968,821.0,301.0,2,2,189938.0,False
8114.5,6,6,1970,631.0,2359.0,2,3,388518.0,False
7325.0,9,1,2013,107.0,1013.0,2,1,251049.0,False
5553.0,4,7,1986,699.0,1283.0,3,2,213003.0,False
6889.0,8,10,1976,871.0,1691.0,4,3,310729.0,False
8943.0,4,7,2004,642.0,1100.0,1,2,195293.0,False
9892.0,2,9,1978,591.0,974.0,5,2,152858.0,False
5694.0,10,1,1969,388.0,985.0,3,1,252597.0,False
10174.0,9,2,1974,978.0,2614.0,1,3,427186.0,False
11389.0,5,9,2019,1647.0,2195.0,4,2,311879.0,False
9033.0,4,9,2012,1411.0,1844.0,3,3,289610.0,False
12691.0,2,6,1985,1161.0,188.0,1,1,52330.0,False
6065.0,1,6,1951,1170.0,1846.0,3,3,234848.0,False
4888.0,7,4,1971,846.0,1814.0,1,2,331970.0,False
3553.0,6,4,1965,178.0,733.0,1,2,159940.0,False
11740.0,2,5,1967,752.0,1655.0,4,3,207194.0,False
9635.0,8,3,2018,512.0,2130.0,5,2,380421.0,False
7861.0,4,1,2003,961.0,1841.0,4,2,246346.0,False
8699.0,8,1,1979,1393.0,1091.0,1,2,245740.0,False
5186.0,7,7,1994,1689.0,1507.0,3,1,335168.0,False
14114.0,5,1,1968,925.0,1938.0,4,1,280589.0,False
8323.0,10,1,1983,233.0,1535.0,5,2,325605.0,False
8273.0,10,3,1962,925.0,2252.0,1,3,377782.0,False
8114.5,8,10,1992,935.0,1737.0,4,1,323765.0,False
9202.0,9,4,2011,894.5,1951.0,4,3,408450.0,False
8559.0,5,4,1971,892.0,1992.0,4,2,323378.0,False
6023.0,10,2,2001,926.0,859.0,4,2,240804.0,False
9178.0,5,1,2001,647.0,1529.0,3,3,302108.0,False
12705.0,2,3,1985,775.0,1300.0,5,1,151152.0,False
8114.5,5,4,1968,1105.0,2126.0,5,3,339198.0,False
11982.0,3,3,1987,96.0,1777.0,1,3,259538.0,False
6721.0,7,8,2019,773.0,1387.0,2,2,266499.0,False
5525.0,10,10,2006,1175.0,730.0,3,1,253741.0,False
7685.0,5,1,1969,1556.0,541.0,1,3,116280.0,False
8139.0,8,2,1958,740.0,1686.0,1,1,328572.0,False
10735.0,1,7,1981,1374.0,1069.0,4,2,146993.0,False
3768.0,3,4,1953,1576.0,1899.0,2,1,255459.0,False
11823.0,3,8,1999,745.0,514.0,2,2,145679.0,False
7604.0,9,3,1954,676.0,2455.0,3,1,425963.0,False
6932.0,5,6,1969,827.0,1898.0,2,3,299986.0,False
5469.0,9,9,1986,867.0,1559.0,1,2,301526.0,False
3862.0,9,1,1971,1336.0,2509.0,2,3,432813.0,False
10057.0,1,1,2007,590.0,2069.0,2,2,309975.0,False
8183.0,2,8,2017,1515.0,1214.0,5,1,170625.0,False
4775.0,5,3,1993,579.0,1546.0,1,1,270894.0,False
4762.0,4,5,1983,394.0,321.0,2,2,117530.0,False
7160.0,10,1,1991,1109.0,2138.0,2,2,402931.0,False
12172.0,9,5,1958,1392.0,1322.0,4,2,285448.0,False
7351.0,7,6,1956,971.0,313.0,2,1,152005.0,False
4242.0,6,8,2017,1074.0,790.0,2,2,179974.0,False
7385.0,7,3,1968,1681.0,2022.0,5,2,341003.0,False
7318.0,1,3,1980,1397.0,2468.0,1,3,329957.0,False
1563.75,1,10,1984,912.0,1512.0,3,2,195051.0,True
7864.0,8,9,2006,727.0,910.0,1,3,253464.0,False
7422.0,2,4,2010,1338.0,647.0,4,3,105801.0,False
9740.0,10,4,1980,1231.0,2348.0,1,3,405416.0,False
12622.0,9,7,2002,1067.0,1769.0,2,1,278764.0,False
10816.0,7,2,1981,769.0,1301.0,4,3,224357.0,False
7327.0,6,8,2015,869.0,1159.0,1,2,195760.0,False
5233.0,1,6,2008,840.0,1903.0,4,1,248690.0,False
14433.0,1,3,1959,775.0,1886.0,3,1,221893.0,False
8148.0,2,9,1951,659.0,962.0,1,1,105957.0,False
8034.0,6,5,2015,1006.0,814.0,2,1,185061.0,False
7939.0,6,8,2009,641.0,844.0,4,1,169643.0,False
8495.0,2,7,1966,970.0,1219.0,5,1,185541.0,False
7639.0,1,8,1965,60.0,1086.0,4,1,154085.0,False
6565.0,10,7,1965,660.0,2470.0,5,3,457281.0,False
6632.0,5,3,1995,1339.0,1197.0,2,2,167474.0,False
7918.0,5,2,1988,539.0,750.0,3,2,165908.0,False
6641.0,2,7,1980,1136.0,783.0,5,3,121531.0,False
6217.0,6,3,1950,573.0,1389.0,3,3,232247.0,False
8266.0,9,3,1960,1210.0,406.0,4,1,140971.0,False
7362.0,2,2,1953,781.0,1463.0,2,1,203386.0,False
11759.0,10,4,2020,765.0,698.0,5,3,255042.0,False
1563.75,2,8,1975,921.0,2195.0,4,1,241764.0,True
10728.0,3,1,1999,362.0,1569.0,1,2,216629.0,False
11115.0,7,1,1961,1288.0,2772.0,4,2,440270.0,False
2816.0,6,5,2014,1421.0,1363.0,3,1,276058.0,False
7143.0,8,5,1996,755.0,379.0,2,1,159232.0,False
7071.0,8,1,2002,1109.0,2374.0,2,1,443500.0,False
4481.0,6,6,2020,1211.0,1801.0,4,2,270213.0,False
6055.0,10,1,1951,863.0,1894.0,1,1,336941.0,False
5223.0,3,5,1973,894.5,898.0,3,3,173114.0,False
8114.5,3,9,1953,1537.0,1474.0,4,1,174887.0,False
10339.0,1,5,1968,742.0,1611.0,4,3,217550.0,False
11178.0,7,6,1975,656.0,1357.0,2,1,261949.0,False
9804.0,5,8,1989,1555.0,459.0,3,1,112059.0,False
5177.0,4,1,1999,1144.0,3161.0,1,2,430786.0,False
6688.0,10,2,1992,1002.0,2001.0,2,3,364338.0,False
9223.0,4,9,2016,511.0,1752.0,4,3,263873.0,False
4944.0,4,3,1961,1221.0,2288.0,2,3,334908.0,False
9782.0,6,6,2016,1977.625,1886.0,2,2,307995.0,True
7399.0,8,5,1976,1252.0,1093.0,5,3,239461.0,False
7062.0,8,2,2003,1098.0,2249.0,2,2,394962.0,False
9777.0,5,7,2015,1188.0,2011.0,2,1,349511.0,False
9110.0,6,4,1998,768.0,1116.0,3,1,218595.0,False
7097.0,4,1,1965,764.0,1974.0,2,3,313279.0,False
10898.0,9,4,1951,759.0,1355.0,1,1,278276.0,False
5297.0,8,6,2009,670.0,1625.0,4,1,288318.0,False
9539.0,10,7,2003,759.0,1859.0,3,3,382146.0,False
9482.0,10,7,1979,757.0,2321.0,2,1,423849.0,False
7226.0,1,7,1987,802.0,1112.0,1,3,171029.0,False
8815.0,2,3,1977,790.0,1718.0,4,3,262668.0,False
4872.0,9,6,1974,997.0,2709.0,3,1,476861.0,False
10310.0,8,8,1959,931.0,1394.0,1,1,303627.0,False
7537.0,3,4,2009,966.0,1617.0,2,1,170532.0,False
6693.0,8,8,1991,1508.0,2708.0,5,1,453850.0,False
10622.0,1,2,1989,930.0,1882.0,5,1,258097.0,False
6239.0,10,10,1991,1784.0,615.0,3,2,198364.0,False
4478.0,4,9,1996,1041.0,1022.0,1,1,182815.0,False
4108.0,3,9,1986,721.0,1913.0,4,2,253705.0,False
9515.0,6,8,1971,1439.0,1753.0,1,3,320910.0,False
4798.0,7,10,2006,868.0,1597.0,5,1,277520.0,False
12386.0,4,10,1976,57.0,2796.0,3,1,379662.0,False
2795.0,7,1,1990,898.0,1129.0,2,1,231198.0,False
12241.0,9,2,1983,894.5,1455.0,1,3,354588.0,False
8527.0,2,6,1981,1542.0,322.0,5,2,88733.0,False
7758.0,3,10,2015,540.0,2196.0,4,2,340772.0,False
6637.0,5,5,1961,766.0,1020.0,3,1,161137.0,False
8997.0,3,9,1989,1407.0,2134.0,2,1,275694.0,False
7905.0,8,5,1959,1057.0,2071.0,1,1,395291.0,False
10758.0,10,2,1997,831.0,2909.0,4,1,463876.0,False
8285.0,8,10,1969,597.0,1889.0,2,3,333246.0,False
8375.0,8,4,1988,894.5,1286.0,5,1,315426.0,False
8114.5,9,9,2009,888.0,1772.0,5,3,328370.0,False
7857.0,4,1,2015,592.0,1044.0,4,1,148860.0,False
8769.0,5,1,2014,613.0,1691.0,5,2,278869.0,False
3724.0,5,7,2000,574.0,1379.0,3,2,204885.0,False
4629.0,8,3,1985,894.5,1457.0,4,1,319585.0,False
9858.0,7,10,1973,1273.0,960.0,5,1,202302.0,False
8427.0,9,2,1976,1219.0,1680.0,1,3,314695.0,False
7540.0,8,9,1951,1274.0,1994.0,5,1,359867.0,False
8046.0,2,3,1980,901.0,508.0,3,1,82871.0,False
8868.0,10,2,2006,894.5,1086.0,2,1,285366.0,False
6650.0,4,8,2015,810.0,1600.0,2,2,262430.0,False
6054.0,6,10,1978,1308.0,91.0,5,3,96574.0,False
8489.0,2,6,1964,171.0,2544.0,2,2,312051.0,False
5554.0,7,6,1961,694.0,1073.0,5,3,248370.0,False
9020.0,3,10,1977,545.0,937.0,3,2,143571.0,False
3743.0,3,7,1973,1443.0,1375.0,2,1,192618.0,False
10572.0,2,7,1970,709.0,1582.0,1,2,222693.0,False
9181.0,8,6,1959,245.0,1046.0,5,2,206946.0,False
8114.5,6,4,1967,989.0,2088.0,2,3,348377.0,False
10456.0,1,9,1963,751.0,1739.0,3,3,227595.0,False
12163.0,1,6,1983,677.0,997.0,3,2,157076.0,False
10535.0,7,4,2007,635.0,1186.0,1,3,237312.0,False
3397.0,8,3,1971,620.0,589.0,3,3,217176.0,False
4801.0,5,4,2019,1183.0,747.0,3,3,175232.0,False
6437.0,5,3,1985,989.0,1732.0,2,3,282304.0,False
8065.0,4,2,1994,820.0,1003.0,5,3,216693.0,False
9294.0,6,5,1985,460.0,2582.0,4,2,401744.0,False
6185.0,6,2,1971,832.0,1542.0,3,3,264672.0,False
8466.0,3,6,2010,1004.0,688.0,3,1,130036.0,False
6111.0,9,3,2005,1019.0,813.0,4,2,221780.0,False
6471.0,7,6,1982,894.5,2131.0,3,2,368192.0,False
8114.5,1,10,1994,530.0,1454.0,2,2,215893.0,False
5691.0,7,9,1985,61.0,2095.0,2,3,356239.0,False
4620.0,5,1,1969,1619.0,1280.0,4,1,230402.0,False
5560.0,5,6,1967,376.0,1163.0,3,3,230516.0,False
10634.0,2,9,1987,894.5,2171.0,3,2,314264.0,False
5626.0,4,4,2016,952.0,984.0,5,2,169027.0,False
14471.75,6,2,1972,216.0,1793.0,3,2,308606.0,True
9233.0,10,4,1965,578.0,1372.0,2,2,330685.0,False
8462.0,7,1,2008,1119.0,2027.0,1,3,354839.0,False
5854.0,5,3,2018,1609.0,2591.0,1,1,348678.0,False
9750.0,9,10,2017,1055.0,1264.0,1,1,306334.0,False
6560.0,3,9,1970,724.0,1171.0,1,2,195977.0,False
8305.0,1,10,2019,879.0,1899.0,3,1,254758.0,False
14400.0,4,5,1961,176.0,850.0,3,2,138156.0,False
7759.0,9,6,1965,719.0,2469.0,5,2,434327.0,False
10873.0,4,3,1963,720.0,2367.0,3,1,360906.0,False
6242.0,2,5,2010,961.0,900.0,1,2,120388.0,False
7912.0,10,8,2020,1676.0,550.0,4,1,203589.0,False
12427.0,5,6,1995,125.0,803.0,4,2,188569.0,False
6432.0,3,4,1981,736.0,812.0,2,1,129097.0,False
12531.0,9,2,1964,166.0,1981.0,2,2,368549.0,False
9769.0,4,9,1993,698.0,2429.0,3,1,330787.0,False
6593.0,6,1,1966,554.0,1974.0,4,2,363278.0,False
9581.0,2,1,1990,302.0,1358.0,1,2,203372.0,False
10431.0,6,4,2003,1265.0,1705.0,1,2,289492.0,False
9554.0,3,7,1993,1002.0,978.0,1,1,153512.0,False
4074.0,9,1,1954,1218.0,2158.0,3,3,369392.0,False
6182.0,2,9,1976,687.0,1759.0,3,2,238877.0,False
8114.5,9,4,1992,871.0,1963.0,5,2,383861.0,False
8114.5,5,3,1980,1537.0,1063.0,1,1,186363.0,False
9551.0,8,1,1966,898.0,1398.0,1,2,289870.0,False
8444.0,2,10,2003,1223.0,1935.0,3,2,254852.0,False
4661.0,6,4,2011,653.0,2366.0,3,2,401522.0,False
8950.0,3,9,1981,1186.0,1135.0,5,2,168466.0,False
9526.0,10,10,1989,680.0,1968.0,5,3,401703.0,False
9399.0,5,6,1962,141.0,1072.0,2,3,231520.0,False
10701.0,8,6,1984,896.0,2770.0,4,2,444857.0,False
10084.0,10,1,1954,711.0,1251.0,1,2,288348.0,False
9147.0,1,10,1978,250.0,1886.0,1,2,259774.0,False
7824.0,5,2,2019,976.0,1599.0,5,3,231255.0,False
3847.0,3,6,1974,542.0,3063.0,5,3,421171.0,False
9074.0,4,2,1971,1977.625,1637.0,2,1,224933.0,True
8519.0,2,3,2015,314.0,1190.0,4,1,197248.0,False
8114.5,9,4,1994,414.0,1883.0,2,2,355918.0,False
4808.0,3,5,2018,1247.0,1870.0,4,2,267584.0,False
5297.0,2,9,2021,846.0,1405.0,1,3,184115.0,False
10632.0,10,4,1950,1239.0,843.0,2,2,219505.0,False
7901.0,9,9,1993,1052.0,1183.0,5,2,302277.0,False
9703.0,7,10,1988,667.0,2028.0,2,3,344938.0,False
8070.0,6,3,2003,348.0,451.0,2,3,208295.0,False
8074.0,1,8,1978,1328.0,1351.0,1,3,160916.0,False
10345.0,5,1,2003,384.0,2096.0,5,3,313586.0,False
6709.0,3,9,1965,1123.0,1443.0,5,1,200215.0,False
8240.0,1,9,1969,1267.0,2804.0,3,3,347956.0,False
6844.0,4,10,1995,849.0,453.0,3,3,145864.0,False
6913.0,2,2,2016,778.0,923.0,3,2,160962.0,False
7227.0,2,4,2014,506.0,111.0,1,2,13228.0,False
8555.0,3,8,2007,1085.0,2696.0,2,2,392602.0,False
6803.0,8,7,2002,894.5,933.0,5,1,245615.0,False
11139.0,8,1,1950,1186.0,307.0,5,3,166467.0,False
5763.0,7,5,2015,947.0,1132.0,2,3,227155.0,False
7532.0,6,7,1978,810.0,664.0,5,1,157481.0,False
6900.0,9,4,2019,996.0,1137.0,2,3,274181.0,False
11617.0,4,1,1957,350.0,1524.0,1,2,231816.0,False
8491.0,1,9,1978,65.0,1982.0,1,1,279092.0,False
10579.0,8,5,2000,1087.0,1395.0,1,3,275480.0,False
4286.0,7,2,1982,1426.0,1515.0,2,1,247864.0,False
8667.0,7,8,1952,204.0,1151.0,2,1,217090.0,False
10224.0,3,2,2009,894.5,592.0,4,3,91280.0,False
8205.0,4,3,1984,1200.0,392.0,5,2,101773.0,False
10663.0,10,10,2018,1043.0,1281.0,5,3,308041.0,False
6706.0,9,1,1969,1977.625,1550.0,4,3,322076.0,True
11523.0,6,2,1988,1330.0,1236.0,4,2,247538.0,False
13747.0,5,7,1953,1234.0,414.0,1,3,119634.0,False
7092.0,3,10,1968,594.0,1620.0,4,3,235061.0,False
6886.0,9,2,1994,1109.0,2477.0,2,3,467277.0,False
11633.0,5,6,1992,1498.0,1431.0,3,1,270827.0,False
11948.0,5,3,1962,834.0,1152.0,2,1,221406.0,False
6692.0,4,4,1962,853.0,1463.0,4,1,253893.0,False
6949.0,4,8,2009,956.0,837.0,5,3,121915.0,False
7295.0,1,3,2006,634.0,798.0,2,2,94309.0,False
4638.0,7,10,2001,1007.0,1770.0,5,1,308755.0,False
5703.0,9,6,2002,997.0,2094.0,2,2,370064.0,False
5489.0,3,1,1992,1491.0,1411.0,5,3,183405.0,False
6080.0,2,7,2021,824.0,315.0,2,1,76210.0,False
7913.0,3,8,2021,1169.0,1712.0,5,3,278154.0,False
8585.0,1,8,1991,836.0,2740.0,3,2,343543.0,False
11876.0,6,3,1975,1155.0,1353.0,1,1,265323.0,False
5504.0,7,10,1972,799.0,1393.0,2,1,271309.0,False
10460.0,2,1,1992,1129.0,976.0,3,1,138287.0,False
7465.0,8,9,1977,1191.0,1788.0,1,1,352943.0,False
7876.0,6,6,1958,473.0,1097.0,2,2,193076.0,False
9687.0,4,9,1969,1340.0,2112.0,3,1,276171.0,False
5193.0,5,7,2005,833.0,1105.0,3,3,178754.0,False
8956.0,8,1,1988,712.0,1705.0,3,1,341671.0,False
8416.0,3,1,2000,615.0,1472.0,4,2,223384.0,False
9231.0,3,6,1961,1019.0,2433.0,5,1,344490.0,False
8722.0,4,5,2004,898.0,1745.0,1,2,302938.0,False
14138.0,1,9,1960,1048.0,2332.0,5,2,271573.0,False
6405.0,9,2,1975,1056.0,1565.0,5,3,346883.0,False
6672.0,8,8,1991,894.5,1397.0,5,1,279713.0,False
6442.0,8,5,1976,1977.625,1477.0,3,1,286272.0,True
6611.0,10,2,1960,915.0,1037.0,5,1,276064.0,False
6406.0,6,10,1987,606.0,1819.0,4,3,313034.0,False
10972.0,7,6,1992,894.5,1085.0,2,3,230989.0,False
11551.0,6,10,1968,421.0,1567.0,3,2,290246.0,False
6573.0,9,8,2013,1394.0,2013.0,1,2,378264.0,False
5919.0,3,4,1955,1187.0,2450.0,2,2,335013.0,False
8114.5,3,2,1995,360.0,1597.0,2,3,228314.0,False
6619.0,3,5,1991,1885.0,2016.0,2,3,291686.0,False
9582.0,10,2,2014,1030.0,1945.0,5,3,356266.0,False
8507.0,3,2,2021,1084.0,1270.0,5,2,175910.0,False
8114.5,9,6,2008,1797.0,2764.0,3,3,459330.0,False
11868.0,4,10,2001,1595.0,1154.0,5,2,209377.0,False
12489.0,7,9,1996,1212.0,1554.0,5,2,334337.0,False
6468.0,9,4,1956,1231.0,2372.0,5,1,416453.0,False
7030.0,7,6,1960,1269.0,2357.0,3,1,352355.0,False
8714.0,9,7,2010,803.0,1508.0,3,1,300155.0,False
8836.0,3,6,2017,1014.0,2094.0,4,2,309457.0,False
9646.0,4,8,1974,1129.0,1365.0,4,1,204394.0,False
13025.0,8,4,1961,849.0,1206.0,4,1,238605.0,False
7557.0,6,1,1975,513.0,772.0,4,1,195713.0,False
6004.0,5,7,1961,793.0,1934.0,2,3,316377.0,False
4551.0,4,3,1992,504.0,1997.0,2,2,270189.0,False
6172.0,8,6,2000,925.0,1159.0,4,1,241180.0,False
8114.5,1,2,1986,187.0,1660.0,4,3,239093.0,False
12486.0,9,9,1995,1036.0,3090.0,1,3,514709.375,True
6705.0,1,1,2002,247.0,2188.0,2,3,253612.0,False
8559.0,8,6,1962,738.0,959.0,1,1,195302.0,False
7958.0,4,6,2003,1101.0,2100.0,1,3,317370.0,False
10970.0,9,5,2006,1216.0,961.0,5,2,244398.0,False
14317.0,5,5,1953,1168.0,237.0,3,3,107074.0,False
6672.0,3,1,1998,1027.0,1487.0,2,3,236133.0,False
6776.0,9,10,1956,452.0,2437.0,4,3,408314.0,False
10610.0,9,5,1960,1292.0,2338.0,4,3,406917.0,False
9704.0,4,2,2003,461.0,1726.0,3,2,249138.0,False
12616.0,4,7,1994,1337.0,1174.0,2,1,183615.0,False
9459.0,8,3,1972,1151.0,1791.0,4,2,346215.0,False
7101.0,2,4,1977,1443.0,1338.0,4,2,193441.0,False
9476.0,9,3,2006,909.0,1191.0,5,1,246661.0,False
10771.0,6,3,1975,572.0,2137.0,1,3,360942.0,False
10051.0,9,4,1974,382.0,1184.0,4,1,270078.0,False
9268.0,8,5,2003,427.0,2176.0,2,1,396543.0,False
10666.0,7,1,1978,245.0,1144.0,3,2,221985.0,False
10923.0,1,4,1985,1276.0,2735.0,5,1,324686.0,False
11455.0,3,8,1963,1326.0,515.0,2,3,111834.0,False
9621.0,2,10,1984,1121.0,925.0,5,2,119070.0,False
7582.0,5,7,1979,886.0,1406.0,1,3,238222.0,False
8366.0,5,9,1966,1724.0,309.0,4,2,87878.0,False
11016.0,5,5,2016,860.0,42.0,2,3,72212.0,False
5957.0,4,10,1979,988.0,314.0,3,1,97042.0,False
8921.0,5,4,1994,880.0,1324.0,1,1,234185.0,False
7016.0,3,8,2000,764.0,1339.0,1,1,198385.0,False
8071.0,1,9,1996,1152.0,1699.0,5,3,225547.0,False
11196.0,5,7,2002,646.0,1381.0,1,2,243675.0,False
8477.0,9,7,2013,619.0,1679.0,2,2,334692.0,False
8116.0,9,5,1987,1172.0,1229.0,5,2,269962.0,False
4600.0,4,4,2013,894.5,1928.0,1,1,312724.0,False
9865.0,3,10,1956,953.0,1856.0,3,3,275445.0,False
9613.0,1,1,1971,763.0,1303.0,2,2,150637.0,False
13408.0,2,10,1990,895.0,1819.0,3,3,261257.0,False
7230.0,8,10,1959,894.5,1385.0,3,2,303709.0,False
8547.0,1,7,2006,643.0,586.0,5,1,83688.0,False
8623.0,8,1,1956,572.0,2042.0,4,3,364738.0,False
11943.0,7,1,1999,1237.0,955.0,5,2,178422.0,False
8114.5,8,5,2001,968.0,2036.0,2,2,347451.0,False
8697.0,6,9,1982,1267.0,1694.0,2,2,310153.0,False
9519.0,9,6,1950,1310.0,1449.0,5,2,293227.0,False
8466.0,3,3,2002,716.0,373.0,4,1,86563.0,False
6883.0,10,3,2009,1252.0,2423.0,5,2,423587.0,False
8485.0,4,7,1983,894.0,1282.0,2,2,218456.0,False
10684.0,6,6,1953,836.0,1880.0,4,1,323474.0,False
5433.0,8,9,1966,1400.0,1431.0,2,2,300129.0,False
8114.5,5,6,1953,1121.0,1337.0,4,3,212652.0,False
6249.0,3,5,1992,759.0,1615.0,4,3,240934.0,False
10987.0,6,10,1953,1095.0,1515.0,5,2,303331.0,False
4192.0,4,7,1950,393.0,1339.0,5,1,235649.0,False
6602.0,9,1,2020,998.0,1466.0,5,1,312786.0,False
8943.0,3,7,1999,300.0,1756.0,4,1,217100.0,False
11913.0,4,3,2010,506.0,1798.0,4,2,270772.0,False
7835.0,7,9,1984,1133.0,1526.0,2,2,321047.0,False
6612.0,7,6,1957,168.0,1872.0,3,3,356012.0,False
12702.0,4,9,1973,1621.0,1245.0,5,1,218628.0,False
4379.0,6,5,1985,1233.0,2834.0,2,2,415693.0,False
2502.0,3,7,1999,164.0,2391.0,2,2,332965.0,False
9100.0,6,4,1992,1859.0,1957.0,1,2,340309.0,False
6744.0,2,7,1976,1969.0,335.0,5,1,89010.0,False
5446.0,8,1,1981,827.0,1863.0,2,1,349812.0,False
9770.0,2,7,1967,529.0,1298.0,1,3,202860.0,False
8609.0,7,8,1977,1574.0,912.0,5,1,213266.0,False
8114.5,9,5,1978,762.0,1282.0,4,2,286781.0,False
4799.0,1,2,1965,894.5,979.0,1,3,123301.0,False
10181.0,8,5,1996,1386.0,1804.0,4,1,344970.0,False
8114.5,7,6,2008,838.0,2469.0,3,1,421286.0,False
7752.0,6,2,1980,803.0,1995.0,3,1,343568.0,False
12616.0,6,6,1953,391.0,3157.0,3,1,444479.0,False
5324.0,6,6,1986,647.0,567.0,3,2,134750.0,False
4186.0,9,1,1966,795.0,1196.0,2,1,300592.0,False
6270.0,2,1,1988,404.0,934.0,3,2,145611.0,False
7886.0,1,10,1997,440.0,2237.0,2,2,287752.0,False
8608.0,6,3,1995,913.0,1367.0,2,2,257902.0,False
7396.0,10,10,1997,160.0,1613.0,5,3,378592.0,False
8880.0,8,10,1988,548.0,1880.0,2,2,336674.0,False
4871.0,3,3,1953,1677.0,627.0,2,1,142572.0,False
11609.0,10,4,1979,761.0,1127.0,3,3,289912.0,False
7794.0,1,2,1979,711.0,2098.0,2,1,234749.0,False
10793.0,9,9,1971,760.0,1171.0,4,2,259022.0,False
8856.0,1,10,2015,766.0,471.0,3,1,59379.0,False
9141.0,3,7,1961,1129.0,958.0,1,3,181822.0,False
9424.0,8,7,1985,1101.0,1328.0,3,3,303905.0,False
9119.0,3,6,1967,894.5,1600.0,2,1,244077.0,False
9606.0,4,3,2002,814.0,1457.0,4,1,224384.0,False
11322.0,8,6,2020,1425.0,1131.0,3,1,237500.0,False
8491.0,1,8,1950,295.0,2063.0,4,3,285311.0,False
9772.0,6,8,2007,876.0,1422.0,1,2,234948.0,False
7775.0,1,9,1955,954.0,1625.0,1,1,207922.0,False
11600.0,1,1,2019,589.0,1163.0,5,2,201849.0,False
6309.0,8,1,1993,853.0,2405.0,5,3,398204.0,False
12502.0,4,3,2021,535.0,1265.0,3,1,186366.0,False
7899.0,1,3,1973,1154.0,1544.0,5,1,164970.0,False
4423.0,10,10,1968,364.0,2120.0,4,3,452480.0,False
8320.0,7,8,1967,1324.0,1668.0,5,1,312132.0,False
6297.0,5,10,1979,870.0,1653.0,4,2,255978.0,False
10101.0,5,1,1991,720.0,315.0,5,3,109017.0,False
6368.0,1,2,1982,498.0,1908.0,5,3,230700.0,False
6884.0,10,2,1961,1312.0,1533.0,5,1,296688.0,False
3276.0,6,3,1976,639.0,1824.0,2,3,324642.0,False
6869.0,9,6,1988,433.0,1609.0,2,1,328756.0,False
1940.0,9,1,1958,1320.0,1164.0,5,1,288779.0,False
8114.5,8,2,1970,538.0,2036.0,4,3,364451.0,False
9901.0,5,1,1978,862.0,1618.0,3,1,271784.0,False
9964.0,1,5,1982,1227.0,726.0,1,2,57423.0,False
8114.5,9,7,2011,963.0,2285.0,2,2,427356.0,False
5582.0,1,8,1964,1592.0,641.0,5,1,70153.0,False
7880.0,8,10,1951,566.0,2040.0,1,2,348158.0,False
7990.0,5,1,2001,815.0,2392.0,2,1,351482.0,False
5104.0,3,7,1993,846.0,836.0,3,2,104146.0,False
11758.0,7,5,2003,1148.0,1426.0,4,3,264468.0,False
10193.0,7,10,1967,894.5,1370.0,5,1,256356.0,False
7447.0,9,1,1952,929.0,1397.0,3,1,295083.0,False
8067.0,7,3,1956,844.0,2598.0,2,1,382736.0,False
8520.0,3,7,1992,306.0,843.0,5,1,164714.0,False
2895.0,1,10,1987,944.0,1316.0,1,1,180881.0,False
7382.0,8,1,1986,639.0,2401.0,4,1,390839.0,False
6295.0,3,7,2007,1147.0,1306.0,2,3,190089.0,False
5495.0,8,5,1982,736.0,938.0,4,3,249322.0,False
7297.0,8,1,2008,803.0,1657.0,5,2,313690.0,False
12494.0,5,1,1960,315.0,1983.0,3,1,288149.0,False
9602.0,1,1,2017,175.0,1264.0,4,2,165008.0,False
6572.0,10,9,2017,1644.0,1832.0,1,2,348083.0,False
9431.0,7,3,1971,951.0,674.0,2,3,171722.0,False
11498.0,10,5,2015,1061.0,707.0,1,2,233827.0,False
10311.0,5,10,1993,535.0,1235.0,4,3,244304.0,False
8149.0,8,9,1955,1250.0,1854.0,3,2,382946.0,False
6382.0,9,6,1991,1178.0,1956.0,3,1,396972.0,False
9745.0,7,9,1974,579.0,790.0,1,2,198362.0,False
8983.0,7,8,2006,476.0,1934.0,5,3,382226.0,False
10237.0,1,8,2004,606.0,1599.0,5,3,218045.0,False
9587.0,4,1,1965,888.0,972.0,3,3,157046.0,False
10623.0,2,9,1963,966.0,699.0,1,2,115770.0,False
6661.0,2,6,1988,915.0,1637.0,1,2,213301.0,False
11293.0,2,9,1977,1419.0,2273.0,1,3,277801.0,False
8493.0,4,3,2000,614.0,1521.0,4,1,219035.0,False
13188.0,1,3,1998,465.0,939.0,5,1,124735.0,False
6277.0,4,6,1958,900.0,379.0,5,2,120564.0,False
12339.0,2,9,2007,222.0,2417.0,4,2,341404.0,False
8494.0,5,7,1994,1178.0,2125.0,2,3,305105.0,False
6371.0,3,3,1971,939.0,1681.0,4,2,240654.0,False
6790.0,8,3,1981,764.0,2386.0,1,2,416051.0,False
8114.5,4,2,2018,742.0,1634.0,4,3,259117.0,False
9060.0,1,9,2018,1263.0,1181.0,1,3,170610.0,False
9307.0,1,3,1991,1251.0,1833.0,3,2,226266.0,False
6565.0,10,5,2002,801.0,1002.0,1,1,295698.0,False
7939.0,3,9,2008,1136.0,902.0,5,2,153155.0,False
13355.0,9,8,1988,1245.0,1962.0,4,1,385594.0,False
12318.0,7,2,1964,1034.0,2013.0,1,1,338944.0,False
9090.0,2,3,2020,817.0,735.0,2,1,119367.0,False
8095.0,9,2,1978,1052.0,757.0,3,3,193919.0,False
8114.5,10,8,1952,484.0,1232.0,2,3,281104.0,False
9533.0,2,6,1959,928.0,1073.0,2,3,154610.0,False
5443.0,3,6,1978,806.0,1785.0,2,2,261201.0,False
7356.0,10,9,1984,744.0,1528.0,3,3,386984.0,False
3828.0,2,8,1955,209.0,2198.0,3,3,286122.0,False
8998.0,3,4,1961,488.0,1690.0,3,2,220267.0,False
9617.0,6,4,1987,705.0,1113.0,3,2,257609.0,False
6792.0,9,9,1968,1258.0,365.0,2,1,200376.0,False
11934.0,9,1,2016,1014.0,1607.0,5,2,304709.0,False
4935.0,7,2,1957,1275.0,473.0,5,2,171065.0,False
4339.0,3,2,1957,1397.0,1105.0,3,3,194304.0,False
8561.0,4,6,1996,1031.0,1066.0,4,1,191196.0,False
10617.0,6,4,1953,956.0,1194.0,1,1,239796.0,False
12209.0,5,10,2000,510.0,710.0,4,2,147554.0,False
6852.0,2,3,2016,894.5,1064.0,4,3,167755.0,False
10696.0,6,3,1994,332.0,2187.0,4,3,342612.0,False
7903.0,3,3,1957,894.5,2185.0,5,3,254292.0,False
7568.0,8,6,1965,1233.0,2419.0,1,3,414205.0,False
10209.0,2,8,2016,1238.0,1506.0,4,2,177201.0,False
9630.0,1,7,1958,437.0,1662.0,3,3,234709.0,False
4059.0,9,4,2009,732.0,2196.0,5,1,375903.0,False
11691.0,3,4,2020,580.0,617.0,3,1,69979.0,False
11450.0,1,10,1964,107.0,1983.0,3,2,217574.0,False
6436.0,7,2,2020,952.0,2281.0,4,3,377890.0,False
8989.0,10,1,1990,612.0,966.0,3,3,269650.0,False
9235.0,5,9,1971,1502.0,2329.0,1,3,326227.0,False
8651.0,5,2,1973,1146.0,2734.0,3,3,381632.0,False
6624.0,1,8,1993,916.0,1966.0,4,2,250758.0,False
6320.0,9,9,1950,710.0,1856.0,3,3,377164.0,False
7936.0,7,4,1959,946.0,828.0,5,2,180158.0,False
8114.5,8,8,2021,797.0,2141.0,5,3,384503.0,False
9359.0,9,9,2005,927.0,884.0,5,3,206306.0,False
7073.0,6,10,1999,1660.0,1721.0,2,1,302837.0,False
9929.0,5,10,1961,894.5,1782.0,5,2,303955.0,False
8114.5,6,5,2009,832.0,477.0,5,1,157724.0,False
10871.0,2,7,1975,1182.0,1743.0,2,2,259047.0,False
3650.0,4,10,1990,739.0,3072.0,5,3,447194.0,False
7093.0,3,4,1985,1532.0,244.0,4,3,111218.0,False
5200.0,7,1,1972,1171.0,1467.0,5,2,283212.0,False
4763.0,9,3,1992,612.0,331.0,5,1,211717.0,False
10902.0,5,5,1955,981.0,963.0,2,2,171678.0,False
6830.0,6,3,2018,618.0,342.0,4,2,126933.0,False
8866.0,10,7,1992,894.5,1595.0,3,3,339099.0,False
7882.0,2,9,1974,843.0,1976.0,1,1,246264.0,False
9192.0,3,6,1967,1405.0,1745.0,4,2,207186.0,False
8192.0,3,10,2011,1198.0,941.0,3,1,175305.0,False
4792.0,9,1,1962,890.0,1134.0,4,1,252481.0,False
10490.0,7,7,1992,1212.0,1663.0,3,2,296543.0,False
6765.0,8,3,1977,1007.0,960.0,3,1,266891.0,False
4108.0,10,5,1967,432.0,702.0,4,3,245681.0,False
6929.0,9,10,2008,841.0,1356.0,2,3,332524.0,False
11751.0,6,4,2009,870.0,933.0,4,3,204370.0,False
10125.0,4,10,2012,1204.0,1746.0,4,3,280629.0,False
7128.0,1,5,2006,673.0,2279.0,3,1,283666.0,False
7126.0,8,5,2000,534.0,3058.0,1,3,469986.0,False
7195.0,7,6,2005,894.5,1702.0,3,2,320275.0,False
13191.0,2,10,1976,641.0,1887.0,5,3,247721.0,False
8954.0,8,10,1981,770.0,1140.0,4,2,269690.0,False
9075.0,5,6,1958,894.5,1177.0,4,2,204830.0,False
10575.0,7,8,2017,746.0,2270.0,2,3,373892.0,False
8596.0,4,8,1995,1285.0,1334.0,3,3,218174.0,False
7352.0,5,9,2016,1465.0,1543.0,2,1,281699.0,False
7509.0,8,8,1975,1245.0,2233.0,4,2,379473.0,False
7820.0,1,2,1957,191.0,1338.0,3,3,199299.0,False
8114.5,1,10,1955,643.0,2400.0,3,1,284902.0,False
9819.0,4,1,1973,828.0,1843.0,5,3,286557.0,False
8129.0,3,10,1997,161.0,1773.0,5,3,244007.0,False
9831.0,10,2,1994,549.0,1111.0,1,3,305634.0,False
8114.5,2,2,1962,823.0,1805.0,5,2,230226.0,False
8114.5,3,3,2018,720.0,1242.0,3,3,179705.0,False
3004.0,1,10,1974,903.0,1781.0,5,1,203593.0,False
10290.0,1,7,1969,347.0,1438.0,1,3,189620.0,False
8866.0,6,2,2015,715.0,2080.0,4,3,351420.0,False
10495.0,5,1,1994,960.0,1480.0,5,1,262262.0,False
1563.75,8,6,1996,904.0,2722.0,3,1,443755.0,True
13220.0,2,9,2012,1078.0,1334.0,4,2,176869.0,False
7651.0,4,3,2004,894.5,1179.0,3,2,195906.0,False
10770.0,8,6,1968,737.0,1707.0,4,2,320029.0,False
5400.0,6,3,1984,948.0,2146.0,3,2,352572.0,False
9531.0,1,1,2002,580.0,2142.0,5,1,275717.0,False
5366.0,4,5,1975,791.0,1600.0,5,3,286794.0,False
6440.0,1,10,1963,894.5,1703.0,1,3,220152.0,False
12785.0,2,4,1994,1326.0,1704.0,4,3,241696.0,False
7523.0,5,7,1993,790.0,853.0,1,2,178789.0,False
8543.0,8,6,2014,1325.0,2114.0,2,1,367145.0,False
10175.0,8,10,2000,1024.0,745.0,5,1,216481.0,False
9239.0,3,7,1992,545.0,854.0,4,1,139066.0,False
8376.0,4,5,1972,1000.0,1533.0,1,3,242795.0,False
8912.0,10,4,2005,1223.0,1308.0,1,2,330145.0,False
14008.0,6,7,1968,868.0,1977.0,2,1,317532.0,False
7855.0,10,7,2004,894.5,1768.0,1,2,369906.0,False
8502.0,3,6,2009,679.0,1582.0,3,1,185213.0,False
10626.0,2,8,2008,909.0,824.0,5,2,125173.0,False
10763.0,6,4,1982,995.0,1515.0,1,1,261957.0,False
10967.0,5,10,1968,668.0,1468.0,1,2,253565.0,False
9596.0,10,5,1977,468.0,1633.0,2,1,341235.0,False
5142.0,5,4,2001,1415.0,1241.0,3,1,226750.0,False
12083.0,10,1,1998,1141.0,1813.0,1,2,359986.0,False
5134.0,5,8,1986,680.0,1292.0,5,2,237766.0,False
8756.0,10,1,1975,987.0,1757.0,5,3,326547.0,False
6114.0,5,5,1989,308.0,1977.0,1,2,314468.0,False
7839.0,3,6,1987,109.0,1179.0,3,1,167738.0,False
8821.0,7,6,2003,1333.0,1036.0,5,1,252677.0,False
8803.0,6,5,1971,991.0,1785.0,5,2,285135.0,False
9054.0,4,3,1965,880.0,707.0,3,3,164744.0,False
12034.0,2,5,1977,993.0,2166.0,3,2,289689.0,False
9133.0,9,8,1984,1977.625,1506.0,1,1,279144.0,True
7389.0,1,2,2009,894.5,1431.0,4,1,169194.0,False
10410.0,4,6,1994,481.0,1827.0,2,3,296196.0,False
10973.0,1,9,1995,227.0,1790.0,4,2,245620.0,False
4930.0,6,8,2021,1321.0,1503.0,4,1,244372.0,False
9493.0,4,8,2004,894.5,2027.0,5,1,334497.0,False
8114.5,5,8,1975,1130.0,1096.0,3,1,206028.0,False
8114.5,5,7,1974,574.0,1927.0,5,2,323936.0,False
8114.5,9,8,2014,1045.0,852.0,2,2,213003.0,False
7624.0,1,6,1955,610.0,1806.0,1,3,222601.0,False
8313.0,2,2,1972,894.5,1303.0,2,1,194678.0,False
7567.0,6,2,2013,894.5,713.0,5,1,169296.0,False
8038.0,5,8,1992,894.5,1653.0,5,3,214944.0,False
5259.0,7,1,1972,1352.0,1479.0,5,1,278664.0,False
4399.0,3,6,1979,945.0,574.0,5,3,74586.0,False
11986.0,3,6,1967,1096.0,231.0,4,3,51306.0,False
5882.0,10,4,1970,376.0,1408.0,1,1,290902.0,False
5521.0,2,10,2006,992.0,2470.0,4,2,349051.0,False
2616.0,3,3,1972,629.0,1692.0,5,2,276967.0,False
6402.0,10,3,1994,1089.0,1099.0,3,2,288711.0,False
4692.0,1,1,1993,1486.0,2149.0,4,2,268278.0,False
12105.0,5,3,1996,1015.0,2044.0,5,1,320846.0,False
10524.0,5,4,1989,539.0,2262.0,5,3,369077.0,False
6279.0,7,5,2000,1150.0,1910.0,1,3,294531.0,False
13631.0,4,3,1991,1060.0,2031.0,2,1,282217.0,False
10454.0,3,6,1956,1723.0,1938.0,4,2,297640.0,False
7187.0,1,5,1999,1001.0,1213.0,4,3,184805.0,False
1751.0,8,3,1997,665.0,517.0,4,1,193834.0,False
13727.0,3,6,1955,1208.0,1187.0,5,1,166540.0,False
4526.0,2,6,1958,848.0,2162.0,1,2,309230.0,False
8114.5,4,8,2006,932.0,1271.0,5,1,239748.0,False
10556.0,3,2,1980,528.0,1412.0,5,3,228805.0,False
14099.0,1,1,1970,851.0,800.0,3,3,61119.0,False
11460.0,3,4,1989,912.0,1169.0,1,1,187771.0,False
9409.0,2,7,1994,848.0,1494.0,4,3,220984.0,False
8114.5,8,10,1998,663.0,1795.0,2,1,325087.0,False
8114.5,6,3,1969,1015.0,1224.0,4,3,240613.0,False
9897.0,9,3,1966,530.0,1182.0,5,2,266570.0,False
8702.0,8,5,1977,436.0,2005.0,1,3,343368.0,False
8260.0,10,5,1990,1183.0,1695.0,1,2,383611.0,False
7843.0,3,10,2015,1147.0,1769.0,1,2,261581.0,False
6115.0,5,3,1974,376.0,2416.0,3,1,342800.0,False
7298.0,7,9,2007,168.0,1196.0,4,2,220987.0,False
3767.0,5,4,1990,496.0,1470.0,3,3,234180.0,False
7754.0,8,3,1955,848.0,1830.0,2,3,322488.0,False
5528.0,5,2,1987,1361.0,977.0,5,2,195170.0,False
5241.0,1,10,1955,838.0,1637.0,3,1,221151.0,False
8449.0,5,9,1994,592.0,1513.0,3,2,266249.0,False
11480.0,4,4,1963,959.0,3166.0,5,3,424917.0,False
10295.0,6,3,2015,854.0,1559.0,1,3,295492.0,False
4073.0,3,7,1989,347.0,2194.0,5,2,332836.0,False
5525.0,5,8,1952,349.0,1997.0,4,2,309440.0,False
10351.0,2,2,1973,360.0,806.0,5,2,106078.0,False
5543.0,6,7,1968,1891.0,570.0,1,3,160405.0,False
7438.0,6,5,1967,1243.0,1648.0,5,3,330961.0,False
9375.0,5,5,2013,662.0,2254.0,3,3,324314.0,False
5579.0,6,3,1984,1343.0,1672.0,2,1,280116.0,False
8263.0,7,5,2011,672.0,1547.0,3,3,291788.0,False
4664.0,5,2,1950,1330.0,1329.0,2,3,245313.0,False
6496.0,1,4,1974,932.0,705.0,5,1,59888.0,False
8799.0,8,6,1994,636.0,923.0,4,1,256877.0,False
4017.0,4,1,1998,1171.0,526.0,5,1,148965.0,False
9101.0,9,10,1965,955.0,838.0,1,1,227064.0,False
7950.0,10,4,1968,1059.0,1184.0,5,1,346212.0,False
9381.0,6,6,1972,986.0,1965.0,2,1,350354.0,False
8559.0,1,9,1974,982.0,1232.0,3,2,186328.0,False
11410.0,3,2,1965,1220.0,1653.0,4,2,267111.0,False
